{"cameraMode":{"drawMode":0,"name":"Shaded","section":"Shading Mode"},"sceneLighting":true,"audioPlay":false,"sceneViewState":{"showFog":false,"showMaterialUpdate":false,"showSkybox":true,"showFlares":true,"showImageEffects":true,"showParticleSystems":true},"in2DMode":false,"pivot":{"x":2.7575762271881105,"y":-3.095205545425415,"z":1.7483047246932984},"rotation":{"x":0.33284464478492739,"y":0.4397418200969696,"z":-0.17967969179153443,"w":0.8145967721939087},"size":7.075463771820068,"orthographic":false}