{"cameraMode":{"drawMode":0,"name":"Shaded","section":"Shading Mode"},"sceneLighting":true,"audioPlay":false,"sceneViewState":{"showFog":false,"showMaterialUpdate":false,"showSkybox":true,"showFlares":true,"showImageEffects":true,"showParticleSystems":true},"in2DMode":false,"pivot":{"x":0.1842050552368164,"y":1.9998111724853516,"z":-0.32373321056365969},"rotation":{"x":0.14501294493675233,"y":0.42531272768974306,"z":-0.06925143301486969,"w":0.8906756043434143},"size":0.8396751284599304,"orthographic":false}