{"cameraMode":{"drawMode":0,"name":"Shaded","section":"Shading Mode"},"sceneLighting":true,"audioPlay":false,"sceneViewState":{"showFog":true,"showMaterialUpdate":false,"showSkybox":true,"showFlares":true,"showImageEffects":true,"showParticleSystems":true},"in2DMode":false,"pivot":{"x":0.4325874149799347,"y":-18.001296997070314,"z":12.829631805419922},"rotation":{"x":0.41234585642814639,"y":0.11968979984521866,"z":-0.05475003644824028,"w":0.9014785885810852},"size":40.39267349243164,"orthographic":false}