{"cameraMode":{"drawMode":0,"name":"Shaded","section":"Shading Mode"},"sceneLighting":true,"audioPlay":false,"sceneViewState":{"showFog":false,"showMaterialUpdate":false,"showSkybox":true,"showFlares":true,"showImageEffects":true,"showParticleSystems":true},"in2DMode":false,"pivot":{"x":2.020207405090332,"y":10.25900650024414,"z":-16.253604888916017},"rotation":{"x":0.27446073293685915,"y":-0.049015916883945468,"z":0.014006763696670533,"w":0.9602519273757935},"size":2.8578836917877199,"orthographic":false}