{"cameraMode":{"drawMode":0,"name":"Shaded","section":"Shading Mode"},"sceneLighting":true,"audioPlay":false,"sceneViewState":{"showFog":false,"showMaterialUpdate":false,"showSkybox":true,"showFlares":true,"showImageEffects":true,"showParticleSystems":true},"in2DMode":false,"pivot":{"x":-1.8087587356567383,"y":0.6990737915039063,"z":-6.4041337966918949},"rotation":{"x":0.2752852737903595,"y":0.20843611657619477,"z":-0.061270471662282947,"w":0.9364982843399048},"size":30.990550994873048,"orthographic":false}