{"cameraMode":{"drawMode":0,"name":"Shaded","section":"Shading Mode"},"sceneLighting":true,"audioPlay":false,"sceneViewState":{"showFog":false,"showMaterialUpdate":false,"showSkybox":true,"showFlares":true,"showImageEffects":true,"showParticleSystems":true},"in2DMode":false,"pivot":{"x":-0.07569801807403565,"y":1.6558464765548707,"z":0.15912604331970216},"rotation":{"x":0.20185142755508424,"y":0.28186896443367007,"z":-0.06079087406396866,"w":0.9360166788101196},"size":2.7761733531951906,"orthographic":false}